text,like_count,musicMeta/musicName,musicMeta/musicAuthor,hashtags/0/title,hashtags/1/title,hashtags/2/title,hashtags/3/title,hashtags/4/title,hashtags/5/title,hashtags/0/name,hashtags/1/name,hashtags/2/name,hashtags/3/name,hashtags/4/name,hashtags/5/name
pitch perfect riff off irl with @pitchesandnotes  pitchperfect riffoff fsacappella fyp foryou foryoupage acappella beatbox uwmadison uw madison wisconsin icca sing singing music ,11400000,"Flashlight - From ""Pitch Perfect 2"" Soundtrack",Jessie J,,Find out which family member or pal is the next Beyonce...who can riff it best?,,,,,pitchperfect,riffoff,fsacappella,fyp,foryou,foryoupage
Makeup Artist or Magician? @selenagomez magic music,9300000,Rare,Selena Gomez,"Show us your mystical magical tricks in a musical, and make sure to tag it!",,,,,,magic,music,,,,
Can a woman play in the NBA? sportstoktok sportstalk nbaplayoffs hottake nba wnbaisback genderequality podcast womenssports womeninsports fyp wnba (cwalkersports/TW),674,Boombastic - Sting Remix,Shaggy,,,Congrats ... you‚Äôre in the #NBAPlayoffs! Grab your friends and use the NBA Playoffs filter to show how you‚Äôre feeling about your chance at taking home an NBA title!,,"The NBA Playoffs are officially here, so practice your form, pull on a jersey, and get ready to celebrate the best in the #NBA.","The WNBA is back and better than ever! In its 25th season, the W is celebrating its journey over the last 25 years and where its headed for the next 25. So show us how far you've come in your own personal journey with #WNBAisBack!",sportstoktok,sportstalk,nbaplayoffs,hottake,nba,wnbaisback
Do you or your partner have an issue expressing yourself? relationshippodcast marriage partners podcast checkin weeklymeeting expressyourself,515700,Them Changes,Thundercat,,,,Grab your mic and show us your #Podcast.,,,relationshippodcast,marriage,partners,podcast,checkin,weeklymeeting
the zodiac killer  fyp foryou foryoupage viral podcast podcastclips zodiackiller zodiac scarystories storytime scary murdercase,352600,Amityville Horror - Scary Halloween Sound Effects,Halloween Sound Effects,,,,¬°descubre las canciones en tendencia! üî•‚û°Ô∏è https://bit.ly/TendenciasTikTok_LATAM,Grab your mic and show us your #Podcast.,,fyp,foryou,foryoupage,viral,podcast,podcastclips
Aurora ‚ÄúCure For Me‚Äù no autotune on Genius vs. her original song with autotune & the similarity with Mario Kart ‚ÄúCoconut Mall‚Äù autotune noautotune aurora cureforme mario nintendo mariokart coconutmall music videogame game videogames games,3800000,Cure For Me,AURORA,,,,,Sabe o Mario?  üòÇ üòÇ üòÇ üòÇ üòÇ,,autotune,noautotune,aurora,cureforme,mario,nintendo
Does this song from Aurora ‚ÄúCure For Me‚Äù sound similar to this popular video game song from Mario Kart? Credit: @ayoub aurora cureforme mario nintendo mariokart coconutmall music videogame game videogames games ,2700000,Cure For Me,AURORA,,,Sabe o Mario?  üòÇ üòÇ üòÇ üòÇ üòÇ,,,,aurora,cureforme,mario,nintendo,mariokart,coconutmall
Kai Cenat reacts to Beautiful Day  fyp lofi lyrics foryoupage rap ,3500000,Beautiful Day (Thank You for Sunshine),Prinz & Rushawn & Jermaine Edwards,,,Here's your chance to sing along.üéµüéµ,,"This is #Rap, the central place to discover the best artists, culture, and content.",,fyp„Ç∑,lofi,lyrics,foryoupage,rap,
Sponge vibes  art sadboy sadvibes ipad procreate aesthetic lofi chill freshprintsbyblair spongebob spongebobsquarepantsedit,2100000,Dido-Thank You,È¢úÂ¶π&ÂçÅ‰∫å,,,,,,"Art is the imposing of a pattern on experience, and our #Aesthetic enjoyment is recognition of the pattern. Create your aesthetic video. Can't wait to see your creative ideas.",art,sadboy,sadvibes,ipad,procreate,aesthetic
"If you liked the song, there‚Äôs a presave link in my bio science originalsong lofi",1700000,I'm So Good at Lying (feat. Powfu & Thomas Reid),Rxseboy,Welcome to #Science TikTok.,,,,,,science,originalsong,lofi,,,
Wide body Corvette C6R Part1/3 chillvibes asmr relaxing hotwheels customhotwheels hotwheelscustom diecastcustom customdiecast chil lofi corvette corvettec6 widebody ,1500000,Aesthetic,Gaspar,,All the soothing sounds you need to massage your brain.,,,,,chillvibes,asmr,relaxing,hotwheels,customhotwheels,hotwheelscustom
"Wait for the end , song out now!! fyp lofi foryoupage rap ",862900,Beautiful Day (Thank You for Sunshine),Prinz & Rushawn & Jermaine Edwards,,,,"This is #Rap, the central place to discover the best artists, culture, and content.",,,fyp,lofi,foryoupage,rap,,
Sunday vibes sad sadsimpsons sadsimpsonedit art sadboy sadvibes ipad procreate aesthetic lofi chill freshprintsbyblair,822700,i don't feel part of the world anymore,itssvd & CORBAL & Shiloh Dynasty,,,,,,,sad,sadsimpsons,sadsimpsonedit,art,sadboy,sadvibes
ishowspeed reacted to Beautiful Day  fyp lofi lyrics foryoupage rap ,810000,Beautiful Day (Thank You for Sunshine),Prinz & Rushawn & Jermaine Edwards,,,Here's your chance to sing along.üéµüéµ,,"This is #Rap, the central place to discover the best artists, culture, and content.",,fyp„Ç∑,lofi,lyrics,foryoupage,rap,
BMW Z4 M Motorsport Custom Pt. 1/3 chillvibes chill fyp hotwheels customhotwheels diecastcustom lofi relaxing BMW bmwmotorsport bmwz4  asmr ,746200,Lofi Hiphop Relax in a dream(861056),NARU,,,,,,,chillvibes,chill,fyp,hotwheels,customhotwheels,diecastcustom
Ford Focus RS Custom Pt. 1/3 chillvibes chill fyp hotwheels customhotwheels  diecastcustom lofi relaxing fordfocusrs asmr ,700900,Lofi nostalgic old music box(833007),NARU,,,,,,,chillvibes,chill,fyp,hotwheels,customhotwheels,diecastcustom
@Caf√© Albania in ElSalvador was fun! If you‚Äôre fearless definitely go visit. skybike biking adventure thingstodoinelsalvador brokeinelsalvador,206300,BREAK MY SOUL,Beyonc√©,,,,Head outdoors and show us your #Adventure.,,,elsalvador,skybike,biking,adventure,thingstodoinelsalvador,brokeinelsalvador
"Have you ever wondered what it‚Äôs like to Hike Half Dome? We‚Äôll, here you go! halfdome  halfdomecables yosemite yosemitenationalpark hiking adventure",50700,Come With Me,Surfaces & salem ilese,,,,,Head to the great outdoors for all things #Hiking.,Head outdoors and show us your #Adventure.,halfdome,halfdomecables,yosemite,yosemitenationalpark,hiking,adventure
"The Gum Wall in Seattle, I thought it would smell like juicy fruit - it does not                     seattle seattlewashington seattletiktok america usa usa_tiktok fyp fyp fypage fypviral girlstrip gumwallseattle gumwallinseattle gumwall travel adventure traveltiktok viral viralvideo cute mygirls",87600,Sunroof,Nicky Youre & dazy,,,,,,,seattle,seattlewashington,seattletiktok,america,usa,usa_tiktok
Over 100 years old shopping street in Japan! abandonedplaces adventure travel japan,476700,Cornfield Chase,Dorian Marko,,Head outdoors and show us your #Adventure.,"üåüThe world is a book and those who don't travel read only one page üèÑüå¥Now recollect your best travel memories from your camera roll, üì∑and share the stories behind!","üáØüáµmusical.ly japanüáØüáµ
@musical.lyjapan„Çí„Éï„Ç©„É≠„Éº„Åó„ÄÅÊúÄÊñ∞„Éè„ÉÉ„Ç∑„É•„Çø„Ç∞ÊÉÖÂ†±„Çí„Ç≤„ÉÉ„Éà„Åó„Åæ„Åó„Çá„ÅÜ„ÄÇ‚ù§Ô∏è

„Åù„Çå„Å®,Êó•Êú¨muser„ÅØ#japan„ÇíÂøò„Çå„Å™„ÅÑ„Çà„ÅÜ„Å´ÔºÅ‚ù§Ô∏è",,,abandonedplaces,adventure,travel,japan,,
Reply to @jpolite__  it took millions of years to make this video paleontology geology archaeology adventure,415000,The King of the Golden Hall,Howard Shore,,,,Head outdoors and show us your #Adventure.,,,paleontology,geology,archaeology,adventure,,
Dehydrating salsa to take a taste of home along on our 4-month Pacific Northwest Circuit. dehydrating mealprep adventure,447000,Circles - Instrumental,Post Malone,"Celebra el legado de la #Salsa en Latinoam√©rica, desde sus or√≠genes y su influencia en la m√∫sica contempor√°nea üíÉüíÉüíÉ",,"Prep tasty, affordable meals for the whole week.",Head outdoors and show us your #Adventure.,,,salsa,dehydrating,mealprep,adventure,,
" He Was Watching Him Eat , While He Was Hungry ! So I Invited Him In And Gave Him Food  He Was HAPPY  foryou give homeless @itsavage",27300000,Falling,Trevor Daniel,,,,,,,foryou,give,homeless,,,
Ultimate boy dad HoldMyMilk fyp foryou  momdad baby familythings bigfamily foryoupage pregnant boydad dadtok momtok,27000000,Touch Down 2 Cause Hell,Hd4president,,,,,"Awkward photos, inside jokes, and spending time together. Show us those #FamilyThings.",,fyp,foryou,momdad,baby,familythings,bigfamily
Cat care routineforyou fyp foryourpage cat catsoftiktok catlover cat petlover petoftiktok bathcat viral tiktok viralcat,23700000,Chopin Nocturne No. 2 Piano Mono,moshimo sound design,,,,,Meow.,,foryou,fyp,foryourpage,cat,catsoftiktok,catlover
April is buy ur girl a cow month cows cow cowsoftiktok farmanimals animals pets bottlecalf brahamn countrygirl cutepet spa skincare moo,18900000,Stuck In The Middle,Tai Verdes,,,,,,,cows,cow,cowsoftiktok,farmanimals,animals,pets
He was extra goofy   spa spanight spanightroutine skincare skincareroutine boyfriend hygiene fyp foryou foryoupage UnwrapTheDeals,8200000,You Got It,Vedo,,,,S is for Skincare,Share your #skincareroutine üíñ,"Turn the lights down, get the phone lights out and dance around to #Boyfriend.",spa,spanight,spanightroutine,skincare,skincareroutine,boyfriend
This weak calf was PAMPERED & rehyrdated after being born on one of the hottest days in Southeast TX.  spaday selfcare cows getreadywithme cattle cowspaday country pets animals animalsoftiktok skincare ,7900000,Big Energy (feat. DJ Khaled) (Remix),Latto & Mariah Carey,,Put #SelfCare first and show us how you prioritize yourself.,,Hey gorgeous! 20 seconds from slovenly to pretty! Show us your daily getting ready routine! üòÑ,,,spaday,selfcare,cows,getreadywithme,cattle,cowspaday
He loves when he gets to pick his own products  spa spanight spanightroutine skincare routine viral boyfriend hygiene fyp comedy funny,7100000,You Got It,Vedo,,,,S is for Skincare,"Whether it's waking up bright and early, or heading to bed a bit too late, show us your daily #Routine.",¬°descubre las canciones en tendencia! üî•‚û°Ô∏è https://bit.ly/TendenciasTikTok_LATAM,spa,spanight,spanightroutine,skincare,routine,viral
forget a bf do this for yourself ladies  fyp foryoupage viral selfcare skincare routine showertok love goodnight,7000000,Such a Whore (Stellular Remix),JVLA,,,¬°descubre las canciones en tendencia! üî•‚û°Ô∏è https://bit.ly/TendenciasTikTok_LATAM,Put #SelfCare first and show us how you prioritize yourself.,S is for Skincare,"Whether it's waking up bright and early, or heading to bed a bit too late, show us your daily #Routine.",fyp,foryoupage,viral,selfcare,skincare,routine
Disney Princess Skincare Who‚Äôs your fav princess? I love Jasmine beauty makeup skincare disney,6800000,Disney Princess Medley,Voctave,Share your best makeup tips and get the latest in #beauty üíÑüíÖüèæ,"From everyday looks to all out glamour, show us your makeup skills üíÑ",S is for Skincare,,,,beauty,makeup,skincare,disney,,
Spa dates >>  spa spanights spanightroutine skincare skincareroutine  fyp foryou foryoupage hygiene boyfriend ImJealous DialItForward,5700000,You Got It,Vedo,,,,S is for Skincare,Share your #skincareroutine üíñ,,spa,spanights,spanightroutine,skincare,skincareroutine,fyp
Hes been waiting for this moment spa spanight skincare skincareroutine boyfriend flawless hygiene fyp foryou foryoupage @danielryan61,5400000,You Got It,Vedo,,,S is for Skincare,Share your #skincareroutine üíñ,"Turn the lights down, get the phone lights out and dance around to #Boyfriend.",,spa,spanight,skincare,skincareroutine,boyfriend,flawless
Reply to @roblox_fanas  The end tho knifeskills foodchallenge cucumber cucumberchallenge asmr asmrsound asmrfood satisfying sosatisfying oddlysatisfying oddlysatisfyingvideo didyouknow tiktokfood sustainability,19700000,Chopin Nocturne No. 2 Piano Mono,moshimo sound design,,,,,All the soothing sounds you need to massage your brain.,,knifeskills,foodchallenge,cucumber,cucumberchallenge,asmr,asmrsound
Imagination is my reality.  makeup mimles facepaint trippy illusion illusionmakeup illusionart fyp fy foryou foryoupage fineart surreal art artist tiktokart painting bizarre,15600000,Egyptian Bellydance Music,Arabian Belly Dance,"From everyday looks to all out glamour, show us your makeup skills üíÑ",,"We got some artistic musers! üé® Using your face as a canvas, make a video to show us your creative side! üñº",,,,makeup,mimles,facepaint,trippy,illusion,illusionmakeup
 oriental beacon! follow for more videos just like this. minecraft minecraftbuilding stopmotion minecrafter minecrafts,108700,Darling,Trees and Lucy,"Whether you are playing to create or playing to survive, you can celebrate all things #Minecraft on TikTok",,Bring some magic  with a stop motion video! ‚ú®‚ú®‚ú®,,,,minecraft,minecraftbuilding,stopmotion,minecrafter,minecrafts,
Gary the snail in Minecraft  minecraft gaming minecraftbuilding minecrafttiktok,70200,Jiggle Jiggle,Duke & Jones & Louis Theroux,"Whether you are playing to create or playing to survive, you can celebrate all things #Minecraft on TikTok","Stock up on extra lives, because we're celebrating the #Gaming community. Show us what you're playing, where you play, and your top recommendations!",,,,,minecraft,gaming,minecraftbuilding,minecrafttiktok,,
minecraft,241100,Moonlight,„Åó„Åå„Å™„ÅÑÈ´òÊ†°Áîü,"Whether you are playing to create or playing to survive, you can celebrate all things #Minecraft on TikTok",,,,,,minecraft,,,,,
Minecraft stop motion minecraft minecraftbuilding stopmotion fyp foryou ,7600000,Miss You,Oliver Tree & Robin Schulz,"Whether you are playing to create or playing to survive, you can celebrate all things #Minecraft on TikTok",,Bring some magic  with a stop motion video! ‚ú®‚ú®‚ú®,,,,minecraft,minecraftbuilding,stopmotion,fyp„Ç∑,foryou,
Behind the scenes with @kimberly.loaiza and @nicolegarcia miami boat taylorswift,9800000,Love Story,Disco Lines,"It's #MIAMI time with @guttatwins and Flo Rida! Create your #MIAMI musicallys, and get a shout out from the stars!",,It's the love story you've been waiting for.,,,,miami,boat,taylorswift,,,
How did this daddy do @Taylor Swift? fyp trend taylorswift daddy parentsoftiktok reaction itsbryanandchris ,6800000,Love Story (Taylor‚Äôs Version),Taylor Swift,,,It's the love story you've been waiting for.,,Here's to all the #ParentsOfTikTok.,,fyp,trend,taylorswift,daddy,parentsoftiktok,reaction
I felt so bad for him  fortnite foryou foryourpage,4500000,Can We Kiss Forever?,Kina,,,,,,,fortnite,foryou,foryourpage,,,
findings ogs 92/100k fyp fortnite fortniteclips nostalgia oldfortnite fwimanii oldfortnite ,4200000,Resonance,Home,,,,"We are inviting out all Singers, Instrumentalists, and DJs to relive their childhood days by either covering , playing, or even mixing the music of their favorite songs, cartoons, shows or even movies that makes them feel nostalgic.",,,fyp,fortnite,fortniteclips,nostalgia,oldfortnite,fwimanii
Replying to @the_king_marko Not even close but we‚Äôre balling Preciate it futebol ronaldinho skills dadynho soccer viral ,1161,"Bruna, Tu J√° Parou pra Pensar",Niack,Quem aqui √© bom de bola?,,,,It's called #Soccer.,¬°descubre las canciones en tendencia! üî•‚û°Ô∏è https://bit.ly/TendenciasTikTok_LATAM,futebol,ronaldinho,skills,dadynho,soccer,viral
new mercs are here  superfly9 superfly footballboots soccer nike nikemercurial nikemercurialsuperfly9,3897,Nikes on My Feet,Mac Miller,,,,It's called #Soccer.,,,superfly9,superfly,footballboots,soccer,nike,nikemercurial
Not getting enough playing time? Are you working with the ball at home? Try this ball mastery skill and improve your confidence with the ball. soccer skills football coach ,228,Centerfield,John Fogerty,It's called #Soccer.,,Catch all the #football fun here!,,,,soccer,skills,football,coach,,
difeno soccer shoesfactory soccercleats footballcleats soccershoes footballshoes boots zapatillas butsi –æ–±—É–≤—å,404500,Everybody (Backstreet's Back) (Radio Edit),Backstreet Boys,,It's called #Soccer.,,,,,difeno,soccer,shoesfactory,soccercleats,footballcleats,soccershoes
Reply to @anthovzzz  let‚Äôs see which of you really know ball collegeathlete college villanova viral collegesoccer soccer,196400,Better Days,NEIKED & Mae Muller & Polo G,,"Whether you're heading to class or living it up at the dorms, here's to all things #College.",,¬°descubre las canciones en tendencia! üî•‚û°Ô∏è https://bit.ly/TendenciasTikTok_LATAM,,It's called #Soccer.,collegeathlete,college,villanova,viral,collegesoccer,soccer
UEFA Champions League Finals! Who ya got? ‚Äç UEFA Soccer championsleague realmadrid liverpool england spain aircorg,544300,Shake Back,Kodak Black,,It's called #Soccer.,Discover Europe‚Äôs premier club competition using #championsleague,,,Show your support for England. Share your #England creations backing the team üè¥Û†ÅßÛ†Å¢Û†Å•Û†ÅÆÛ†ÅßÛ†Åø,uefa,soccer,championsleague,realmadrid,liverpool,england
Soccer making process soccer fyp foryou factory,108100,Sunroof,Nicky Youre & dazy,It's called #Soccer.,,,,,,soccer,fyp,foryou,factory,,
You‚Äôre kidding‚Ä¶unreal girlssoccernetwork girlssoccer womeninsport soccertok soccer futbol,459500,10 Things I Hate About You,Leah Kate,,,,,It's called #Soccer.,Rueda el bal√≥n por las canchas del mundo y los amantes del #futbol somos felices. ‚öΩ ‚ù§Ô∏èü§© Celebremos este momento y llenemos TikTok con los mejores videos üòè,girlssoccernetwork,girlssoccer,womeninsport,soccertok,soccer,futbol
Our WHOLE Zoom class pranked our teacher  (she was so confused!!) foryou foryoupage fyp tiktok viral funny trend trending funny lol,19500000,M to the B,Millie B,,,,,¬°descubre las canciones en tendencia! üî•‚û°Ô∏è https://bit.ly/TendenciasTikTok_LATAM,What's so #Funny?,foryou,foryoupage,fyp,tiktok,viral,funny
We couldn‚Äôt of done it without our huge family arlostrong fyp 4yp trending viral k9softiktok tiktokdogs,14900000,Fight Song,Alyssa Grace,,,,"Discover the top viral trends, sounds and effects of the week! üî•  https://vm.tiktok.com/ZSL61QAA4/",¬°descubre las canciones en tendencia! üî•‚û°Ô∏è https://bit.ly/TendenciasTikTok_LATAM,,arlostrong,fyp„Ç∑,4yp,trending,viral,k9softiktok
The newest members of The Hellfire Club put on quite a show at @lollapalooza. Metallica MetOnTour Lolla Festival @Netflix @Joseph Quinn,786800,Master Of Puppets - Remastered 2016,Metallica,,,,,,,,,,,,
Bringing the Lightning Boogie your way this fall! The Knobs and I will be back on the road before you know it! tour festival mikecampbell thedirtyknobs lightningboogie externalcombustion,112,Lightning Boogie,Mike Campbell & The Dirty Knobs,,"From the incredible music to those iconic looks, here's to #Festival season.",,,,,tour,festival,mikecampbell,thedirtyknobs,lightningboogie,externalcombustion
Here‚Äôs my Pre Show Routine. As wild & savage as me & my team get: we do take our jobs seriously when it comes to touring‚Ä¶.   But we‚Äôre still wild festival dj edmtiktok,891,Ponme Loco,Laidback Luke & Gian Varela,"From the incredible music to those iconic looks, here's to #Festival season.",Are you the one responsible for the music this summer? Get inspiration from DJs around the world here.,,,,,festival,dj,edmtiktok,,,
"You only live one life, tomorrow isn‚Äôt promised so let‚Äôs live each day for Him!  Festival ItsAboutTime ChristianMusic",16000,It's About Time,Kevin Quinn,"From the incredible music to those iconic looks, here's to #Festival season.",,,,,,festival,itsabouttime,christianmusic,,,
throwback to the 1997 pinkpop festival and our performance of Glycerine Festival gavinrossdale,849,Glycerine,Bush,Show us your favorite #throwback,"From the incredible music to those iconic looks, here's to #Festival season.",,,,,throwback,festival,gavinrossdale,,,
Live love pizza agt americasgottalentauditions agt americasgottalent music singing songs singer season18agt agtseason18 simoncowell heidieklum sophiavergara howiemandel explorepage covers orignal songwritter ,3900000,"What Was I Made For? [From The Motion Picture ""Barbie""]",Billie Eilish,,,,,,"From ballads to covers of your favorite artist, show us what you're #Singing.",agt,americasgottalentauditions,agt,americasgottalent,music,singing
The struggle  fyp foryou nostalgia music songs og relatable viral,3300000,Music For a Sushi Restaurant,Harry Styles,,,"We are inviting out all Singers, Instrumentalists, and DJs to relive their childhood days by either covering , playing, or even mixing the music of their favorite songs, cartoons, shows or even movies that makes them feel nostalgic.",,,,fyp,foryou,nostalgia,music,songs,og
She didn‚Äôt even open it  art ,16500000,Sonic,MoneyGamer,,,,,,,art,,,,,
"Reply to @_suze__ butterfly, flames, rose  artsketchsketchbookdrawinglineartdoodleartisttattooonelinedrawingroseflames",15300000,When I R.I.P.,Labrinth,,,,,,,art,sketch,sketchbook,drawing,lineart,doodle
When will @pudgywoke follow Phoebe? pudgy dogsoftiktok owaowa vs talkingdog talkingdogsoftiktok weirdpets ItWasntMe TrulyGlowingSelfieLove,6100000,OWA OWA (Pudgy),Derk The Dog,,Here's to all the #DogsOfTikTok.,,,,,pudgy,dogsoftiktok,owaowa,vs,talkingdog,talkingdogsoftiktok
WeirdPets CobraKaiChop Wee hairtransformation haircolor isthisavailable imlegit rainbowhair fyp boston nflplayoffs f4f massachusetts,5200000,I'm Legit,Nicki Minaj,Calling all #WeirdPets! We're teaming up with America's Funniest Home Videos to celebrate the weirdest animals across the country. So share your #WeirdPets and visit https://bit.ly/3s42Gic to enter for a chance to be featured on AFV!,For all the moments that can be described with one word... Wee!,Show us those hair transformations! #HairTransformation,,"Whether it's internet drama or a real life situation, show us those dramatic moments where you'd rather be left alone.",,weirdpets,wee,hairtransformation,haircolor,isthisavailable,imlegit
Dutch Braids on Mella  cockerspaniel WeirdPets dogfyp,4800000,Buss It,Erica Banks,,Calling all #WeirdPets! We're teaming up with America's Funniest Home Videos to celebrate the weirdest animals across the country. So share your #WeirdPets and visit https://bit.ly/3s42Gic to enter for a chance to be featured on AFV!,,,,,cockerspaniel,weirdpets,dogfyp,,,
spider weirdpets november ,3800000,Phantom of the Opera X Monkeys Spinning Monkeys,Andrew Lloyd Webber,,Calling all #WeirdPets! We're teaming up with America's Funniest Home Videos to celebrate the weirdest animals across the country. So share your #WeirdPets and visit https://bit.ly/3s42Gic to enter for a chance to be featured on AFV!,,,,,spider,weirdpets,november,,,
dinner 3 is his best yet i think fyp thedrop ButterGlossPop theworst MySkinandME dinnerchallenge,7200000,Inside Their Head,TT remix,,,"Whether you're a professional DJ or just control the aux, use our new Creative Effect and show us what happens when the beat drops.",Think this is bad? Wait till you see what #theworst is! ü§Ø,,,3,fyp,thedrop,theworst,dinnerchallenge,
Who is a better dancer?  @zeezysaid ohnanana reallifeathome fyp,6400000,Oh Nanana - Remix,dj 6rb & Bonde R300,Show us your 'ohnanana' dance! It is lit! üî•,"Staying indoors doesn't mean you can't do your daily routine. So whether you're visiting a makeshift grocery store in your house, or starting your morning with a trip to the living room coffee shop, show us how you're recreating your routine and living #RealLifeAtHome.",,,,,ohnanana,reallifeathome,fyp,,,
QUARANTINE DAY 12 quarantine helpme boredinthehouse reallifeathome lifeathome,4800000,BORED IN THE HOUSE,Curtis Roach,,,Are you #BoredInTheHouse? Check out Curtis Roach's stay-at-home anthem and show us how you're staying bored at home.,"Staying indoors doesn't mean you can't do your daily routine. So whether you're visiting a makeshift grocery store in your house, or starting your morning with a trip to the living room coffee shop, show us how you're recreating your routine and living #RealLifeAtHome.","Whether you're on an unexpected break or just starting the work from home life, show us how you're making the most of #LifeAtHome.",,quarantine,helpme,boredinthehouse,reallifeathome,lifeathome,
cat started buggin out for no reason fyp reallifeathome,4600000,Deep End Freestyle,Sleepy Hallow & Foushe√©,,"Staying indoors doesn't mean you can't do your daily routine. So whether you're visiting a makeshift grocery store in your house, or starting your morning with a trip to the living room coffee shop, show us how you're recreating your routine and living #RealLifeAtHome.",,,,,fyp,reallifeathome,,,,
the fam dressed up as men for derek‚Äôs h ters night fyp celebratedoctors sidehustle distancedance cleaningszn reallifeathome,3300000, Fast,Sueco the Child ,,Today is National Doctors' Day. Now more than ever we need to #CelebrateDoctors and support all healthcare professionals serving their communities on the front lines.,"Stay at home and keep your distance with the #DistanceDance! Tag @charlidamelio and #DistanceDance in YOUR very own video. For the first 3 million videos, a donation will be made to Feeding America and Matthew 25. Join us in the challenge and tell the world you're staying home!

Sponsored by Procter &amp;amp; Gamble","Staying indoors doesn't mean you can't do your daily routine. So whether you're visiting a makeshift grocery store in your house, or starting your morning with a trip to the living room coffee shop, show us how you're recreating your routine and living #RealLifeAtHome.",,,fyp,celebratedoctors,distancedance,reallifeathome,,
Quarantine has me doing the most fyp paint glitter ThisIsQuitting reallifeathome,3100000,Sweet Dreams (A cappella),Holly Henry,,,Time to shimmer and sparkle! Show us your most creative make up looks.,"Staying indoors doesn't mean you can't do your daily routine. So whether you're visiting a makeshift grocery store in your house, or starting your morning with a trip to the living room coffee shop, show us how you're recreating your routine and living #RealLifeAtHome.",,,fyp,paint,glitter,reallifeathome,,
Quarantine life  reallifeathome distancedance quarantinelife lionking lioncub fun PlayByPlay throwback fyp foryou foryoupage,3000000,"Hakuna Matata (From ""The Lion King"")",Chocolate Ice Cream,"Staying indoors doesn't mean you can't do your daily routine. So whether you're visiting a makeshift grocery store in your house, or starting your morning with a trip to the living room coffee shop, show us how you're recreating your routine and living #RealLifeAtHome.","Stay at home and keep your distance with the #DistanceDance! Tag @charlidamelio and #DistanceDance in YOUR very own video. For the first 3 million videos, a donation will be made to Feeding America and Matthew 25. Join us in the challenge and tell the world you're staying home!

Sponsored by Procter &amp;amp; Gamble",,,,,reallifeathome,distancedance,quarantinelife,lionking,lioncub,fun
Had to try this @jenafrumes reallifeathome boredathome,2700000,Myself,Bazzi,"Staying indoors doesn't mean you can't do your daily routine. So whether you're visiting a makeshift grocery store in your house, or starting your morning with a trip to the living room coffee shop, show us how you're recreating your routine and living #RealLifeAtHome.","Are you #BoredAtHome? Show us how you're passing the time, whether it's learning a new skill, prioritizing self care or just getting plenty of sleep.",,,,,reallifeathome,boredathome,,,,
"Replying to @wellobviously_ a lot of you wanted to know more about the actual ice cream recipe and ingredients, so here you go! history historytime historybuff icecream recipe",2400000,Washington Post March,John Philip Sousa,,,Are you a #HistoryBuff? Take us on a trip through the past and show us how those historical moments really went.,Where are all the icecream lovers at? Show us your best homemade icecream recipes yet!üç¶,Show us your perfect #Recipe.,,history,historytime,historybuff,icecream,recipe,
"The most popular Chinese food, egg fried rice chinesefood recipe cooking egg rice fry nice",829100,Love You So,The King Khan & BBQ Show,Feasting into the roaring new Lunar year of the Tiger in 2022! Check out what and where to eat for Chinese New Year here &gt;&gt;,Show us your perfect #Recipe.,,,,,chinesefood,recipe,cooking,egg,rice,fry
Edible Sugar Cookie Dough cookiedough ediblecookiedough nobakecookiedough nobake nobakedessert sugarcookies dessert desserts desserttiktok recipes recipe recipesoftiktok,377300,Mirage,Else,Show us how you make the ultimate sweet treat üç™,,,,,,cookiedough,ediblecookiedough,nobakecookiedough,nobake,nobakedessert,sugarcookies
Best brownie recipe there is fyp brownie recipe cookiedough baking 3amsnacks cravings cravingsatisfied delicious,1600000,Cash App,Louie Ray,,,Show us your perfect #Recipe.,Show us how you make the ultimate sweet treat üç™,"Whether you're baking the perfect pie or just searching for a recipe, you've come to the right place for all things #Baking.",,fyp,brownie,recipe,cookiedough,baking,3amsnacks
"RICE CAKE PROTEIN BAR STYLE OH-HENRYIngredients:6 rice cakes crushed1/3 cup maple syrup of honey 2 push coconut flavor @flavoliciousmix 1/3 cup nuts butter70g dark chocolate 85%, coconut oil spray and 2 scoop of reese protein @believesupplements for the topMacro per Oh-henry (10 protein bars)119cal/10g prots/11gcarbs/6,5gfat‚Äò‚Äò‚Äò‚Äò‚Äò‚Äò‚Äòprotein proteinbar snack fit fitness fitnessmotivation flavor flavour believe discover recipe cake yummy easy easyrecipes reels tiktok fyp foryou",286000,Betty (Get Money),Yung Gravy,,,,,"Whether you're working on a new circuit, or just getting some fresh air, we're here for all things #Fitness.",What keeps you motivated to work on your fitness?,protein,proteinbar,snack,fit,fitness,fitnessmotivation
Sneaky Veggies recipe plantbased pasta,635100,Vegas (From the Original Motion Picture Soundtrack ELVIS),Doja Cat,Show us your perfect #Recipe.,"Whether it's a perfect recipe or a new product, we're here for all things #PlantBased.",Who doesn‚Äôt love a good pasta recipe?üçù Share your all-time favorite pasta recipe with us!,,,,recipe,plantbased,pasta,,,
Irresistibles TEQUE√ëOS  Ingredientes:  150 ml de Leche Completa  150 ml de Agua   60 ml de Aceite Vegetal  2 Cditas de Sal  500 gr de Harina de Trigo Todo Uso  450 gr de  Queso blanco (que se derrita con facilidad)  Suficiente Aceite para fre√≠r (fre√≠r en temperatura media  Cantidad de teque√±os: 34 unidades foodie FOOD recetas recipe foodtiktok FOODLOVER tiktok FOODPORN foodblog ,382100,Energetic And Happy,KLM Music,Love food? Show us your favorite dishes and recipes.,,,Show us your perfect #Recipe.,"Your one-stop shop for perfect recipes, delicious desserts, and food inspiration.","Tell us why you love food, or what food you love the most with the #FoodLover hashtag for the chance to win $1,000 cash and have your account featured in the Food Fest hub on Discover! T&Cs: https://bit.ly/3cqjUzH",foodie,food,recetas,recipe,foodtiktok,foodlover
chicken chickenrecipe recipesoftiktok recipe recipes recipesforyou recipeideas recipetok easyrecipe foodtiktok chinesefood,243800,Luv Letters,frad,,,Lets Tok Food? Share some of your recipes!,Show us your perfect #Recipe.,Share your favorite #Recipes.,,chicken,chickenrecipe,recipesoftiktok,recipe,recipes,recipesforyou
Trending simplified chocolate lava cake recipe in China recipe cooking dessert foodtiktok ,332900,Love You So,The King Khan & BBQ Show,Show us your perfect #Recipe.,,All the #dessert inspo you need!,"Your one-stop shop for perfect recipes, delicious desserts, and food inspiration.",,,recipe,cooking,dessert,foodtiktok,,
Another tutorial Comment what dances you want me to do! tiktok trending savage dance foryou fyp savagechallenge tutorial viral,3700000,Savage,Megan Thee Stallion,,"Discover the top viral trends, sounds and effects of the week! üî•  https://vm.tiktok.com/ZSL61QAA4/",,,,,tiktok,trending,savage,dance,foryou,fyp
"Finally created my account, my first post: Powerful nature fpv fpvdrone fpvlife fpvdrones fpvworld fpvcinematic drone dronevideo drones droneshot nature disaster roadtrip fail fypforyoupage tiktokchallenge duet trending comedy savagechallenge tiktoktrend levelup  viralvideos video foryou foryourpage",1900000,Einaudi: Experience,Ludovico Einaudi & Daniel Hope & I Virtuosi Italiani,,,,,,,fpv,fpvdrone,fpvlife,fpvdrones,fpvworld,fpvcinematic
Reply to @mortyandrick03 It‚Äôs the view at the end for me fyp foryoupage leethe4th tall memes,10900000,Spongebob Tomfoolery - Dante9k Remix,David Snell,,,,,,,fyp,foryoupage,leethe4th,tall,memes,
"Location: @motivemovement in Greenville, South Carolina  motiveschoolofmovement foryou viral trending perfectlycutscreams greenville southcarolina funny meme bobreese screams motivemovement motive memes",7600000,Material Girl,Madonna,,,¬°descubre las canciones en tendencia! üî•‚û°Ô∏è https://bit.ly/TendenciasTikTok_LATAM,"Discover the top viral trends, sounds and effects of the week! üî•  https://vm.tiktok.com/ZSL61QAA4/",,,motiveschoolofmovement,foryou,viral,trending,perfectlycutscreams,greenville
I BROKE HIS skateboard THEN GAVE HIM A BRAND new ONE‚ÄºWHAT WOULD YOU SAY‚Åâ @fashionnova fashionnovapartner prank public park ad tiktok fyp,6900000,See You Again (feat. Charlie Puth),Wiz Khalifa,"Got sick skateboard tricks? üî• Show us your flips, grinds, and spins! ü§òüèº Jacob will pick his faves! ‚ö°Ô∏è watch the official music video here https://youtu.be/NpA0Aa18xDo",,,,,,skateboard,new,fashionnovapartner,prank,public,park
New beginnings dogs new 2021 dontletthisflop motorcycle driverslicense hooman besties bestfriend kansas family love fyp foryou pets,6400000,drivers license,Olivia Rodrigo,,,,,,"Here's a better use of your time than driving alone past that street: 
4. Rock this outfit transition challenge! üëë",dogs,new,2021,dontletthisflop,motorcycle,driverslicense
–í—Å—ë –ø–æ —Ñ–∞–∫—Ç—É  –≥—Ä—é gru –≥–∞–¥–∫–∏–π—è despicableme —Ä–µ–∫–æ–º–µ–Ω–¥–∞—Ü–∏ —Ä–µ–∫–æ–º–µ–Ω–¥–∞—Ü–∏–∏ recommendations ronaldo  tiktok funny memes followme cute fun music happy fashion follow followforfollowback meme video dankmemes fannyvideos likeforfollow dance life friends beauty ,456500,1 second count / when button pressed / time signal 03(1107043),QUESS,,,,,,,–≥—Ä—é,gru,–≥–∞–¥–∫–∏–π—è,despicableme,—Ä–µ–∫–æ–º–µ–Ω–¥–∞—Ü–∏,—Ä–µ–∫–æ–º–µ–Ω–¥–∞—Ü–∏–∏
Go Watch My Last Post to Enter! hype jakepnw tiktokfamous foryou,2300000,See You Again (feat. Charlie Puth),Wiz Khalifa,,,,,,,hype,jakepnw,tiktokfamous,foryou,,
I bet he wanted to say something bad EndlessJourney foryou    infinity badday fy viral JDSummerDrip relatable trending drift justforfun satisfying laugh awch pain hurt bricktok garden husbandwife goalsrelationship  ,4100000,Bad Day,Daniel Powter,,,,,Show us your creative transitions using this sound!,Everyone has bad days. What does yours look like?,foryou,üò≥,ü•π,üòÇ,infinity,badday
I can hear that sound from a mile away!! keiththecatcow catsoftiktok chonky cowcat comedy funnyvideos funnypets pets,20500000,20th Century Fox Fanfare,Geek Music,,Meow.,,,,,keiththecatcow,catsoftiktok,chonky,cowcat,comedy,funnyvideos
viral viralvideo funny funnyvideos alaskaelevated fails kids fail parenthood children paint ruined couch parenting ,17600000,Mission Impossible Theme (Movie Trailer Mix),Dominik Hauser,¬°descubre las canciones en tendencia! üî•‚û°Ô∏è https://bit.ly/TendenciasTikTok_LATAM,,What's so #Funny?,,,,viral,viralvideo,funny,funnyvideos,alaskaelevated,fails
The End Funny Pet  funny funnyvideos animals dog cat fyp pet foryou viarl haha ,13300000,Love You So,The King Khan & BBQ Show,What's so #Funny?,,,,,,funny,funnyvideos,animals,dog,cat,fyp
The end cat dog funny pets funnyvideos animals catsoftiktok cats dogs pet ,13000000,Cancan,As des As,,,What's so #Funny?,,,,cat,dog,funny,pets,funnyvideos,animals
Bud Ice 60secondbeerreview beer judge review drink americanbeer,11400,Chill Vibin',Bandobang69,,,,,,,60secondbeerreview,beer,judge,review,drink,americanbeer
Busch Heavy.  AKA Buuuusssccchhhhh.  60Secondbeerreview beer judge review drink americanbeer,4454,Gatorade Social Squad,Gatorade,,,,,,,60secondbeerreview,beer,judge,review,drink,americanbeer
Challenging the Guinness World Recordschargingcable powercharge fpy,1042,Flames,Donzell Taggart,,,,,,,chargingcable,powercharge,fpy,,,
Do you have the emergency keychain power pod? minipowerbank powerbank powercharge charger charging emergency emergencyhacks electricity practical useful creative smart goodthing foryou viral,256,Let Me Down Slowly,Alec Benjamin,,,,,,,minipowerbank,powerbank,powercharge,charger,charging,emergency
fyp meme tweets animals rats ,1600000,Deli,Ice Spice,,,,,,,fyp,meme,tweets,animals,rats,
Ewwwww  fyp fypdongggggggg viralvideos home tiktokfamous fyp explore shamar shamarhomeless zuesnetwork trending montgomeryalabama montgomerybrawl trump rats eww rat nasty foryou fitness share ,694900,Take A Picture,Hendricks 2.0,,,,Enjoy highlighting sports that make you feel at home,,,fyp,fypdongggggggg,viralvideos,home,tiktokfamous,fyp„Ç∑
The little smooch iloverats ilovehim rats mouse ratattouille ittybitty ,681500,3 Stars,Jair Archive,,,,,,,iloverats,ilovehim,rats,mouse,ratattouille,ittybitty
I dno what‚Äôs weirder‚Ä¶.that someone made this or that it‚Äôs in front of a random office building in Missouri giantfork ,383,Blue Blood,Heinz Kiessling,,,,,,,giantfork,,,,,
Kitchen Decor goodwill edition goodwillfinds giantspoon giantfork kitchendecor diyupcycle,97,CRAFT,OFEKNIV,,,,,,,goodwillfinds,giantspoon,giantfork,kitchendecor,diyupcycle,
CapCut dimersoftableCapCut ,20,After Dark,Mr.Kitty,"CapCut is a new, easy-to-use video editing tool designed for mobile platforms. CapCut provides users with a wide range of video editing functions, filters, audio &amp; visual effects, video templates, while keeping it free of charge and ads-free. Everyone can be a creator by using CapCut.  

Start creating your cool videos today: 
https://capcut.onelink.me/XKqI/228cad85",,,"CapCut is a new, easy-to-use video editing tool designed for mobile platforms. CapCut provides users with a wide range of video editing functions, filters, audio &amp; visual effects, video templates, while keeping it free of charge and ads-free. Everyone can be a creator by using CapCut.  

Start creating your cool videos today: 
https://capcut.onelink.me/XKqI/228cad85",,,capcut,dimer,softable,capcut,,
Confidence went ,3710,Element,Pop Smoke,,,,,,,,,,,,
Iphone bend test tiktok viral fyp iphone test bend,936200,Pilfingerdansen - Remix,Sigurd Barrett,,tiktok,,viral,,fyp,,iphone,,test,,bend
Great rally  show some love in the comments for them volleyball volleyballlove volleyballworld,343000,Diamonds,Sam Smith,,volleyball,,volleyballlove,,volleyballworld,,,,,,
Oh no,227,origineel geluid,Rosalie,,,,,,,,,,,,
TimeWarpScan,4326,original sound,Moonpie,It's finally here. Try out our new TimeWarpScan Creative Effect.,timewarpscan,,,,,,,,,,
kids parents funny,3874,Snort laugh,Lauren,,kids,,parents,,funny,,,,,,
Iknow maagdenvlies bestaat niet foryou fyp foryoupage fy,2080,WITHOUT YOU,The Kid LAROI,,foryou,,fyp,,foryoupage,,fy,,,,
Ben hopelijk niet de enigste fyp dutch fy,3275,origineel geluid,mememeiland,,fyp,,dutch,,fy,,,,,,
Lets help the bacons roblox hacks exploiting bunbungirls,6629,original sound,0,,roblox,,hacks,,exploiting,,bunbungirls,,,,
fyp foryou xyzbca foryoupage boyfriend,1251,origineel geluid,Selena ,,fyp,,foryou,,xyzbca,,foryoupage,,boyfriend,,
worldcup laliga football premierleague,321900,Oh No,Kreepa,,worldcup,,laliga,,football,,premierleague,,,,
like comments follow   fyp foryou foryoupage standwithkashmir share,458,original sound,Ahmad Baig,,like,,comments,,follow,,,,,,fyp
Top10 Strongest onepiece Characters by the end of the show. anime strongestcharacters animeboy luffy zoro animeedit animeedits animestiktok,29200,original sound,Ernie Senpai,,top10,,onepiece,,anime,,strongestcharacters,,animeboy,,luffy
kane VeryBlackFriday wwe viral memories video undertaker fyp goviral ,2405,original sound,Zak Langford,,kane,,wwe,,viral,,memories,,video,,undertaker
vaieral vedeo please for you for youpage,143,original sound,Jibran Khan,,,,,,,,,,,,
fyp amv anime animation edit haikyuu hinatashoyo weeb animeedit,15200,sonido original,PIKI,,fyp,,amv,,anime,Here's to the entire Animation community on TikTok.,animation,,edit,,haikyuu
Un rival  zerotwo darlinginthefranxx animeedit waifu zerotwoedits,8606,sonido original,Armando Ackerman,,zerotwo,,darlinginthefranxx,,animeedit,,waifu,,zerotwoedits,,
not twisting hand,4673,original sound,Sajjad Hamayun,,not,,twisting,,hand,,,,,,
Picobello bv fy fyp voorjou voorjouwpage follow viraal gekkies internetgekkies picobello hallo lachen nederlands,5898,origineel geluid,Danny backup,,fy,,fyp,,voorjou,,voorjouwpage,,follow,,viraal
vibe drums fun duet fyp happy music,13400,original sound,Detroit Nomad,,vibe,D is for Drums...,drums,,fun,Use our Duet feature because two is always better than one.,duet,,fyp,,happy
MORE GLOBBLES ASMR GLOBBLEASMR,299500,original sound,kyle thomas ,Use this sound to create the moooost satisfying vids,asmr,,globbleasmr,,,,,,,,
spain but without the s helloworld animeedit helloworldanime animereccomendations fyp fyp foryoupage amv sadanime romanceanime weeb otaku,38700,original sound,,,helloworld,,animeedit,,helloworldanime,,animereccomendations,,fyp,,fyp
foryou foryou foryou,154,original sound,princessmaida,,foryou,,foryou,,foryou,,,,,,
end miss NH karna foryou foryoupage fyp satndwihkashmir fyp sameerkahn,198,original sound,sameer khan,,foryou,,foryoupage,,fyp,,satndwihkashmir,,fyp,,sameerkahn
Those booty slaps though  indoorcycling indoorcyclinginstructor soulcycle fyp foryourpage xyzbca beyonce crazyrightnow lit fire,305300,Crazy in Love Aaar Remix, MUCIO MATA ,,indoorcycling,,indoorcyclinginstructor,,soulcycle,,fyp,,foryourpage,,xyzbca
I m s o r r y,90600,Gods Plan Slowed, ,,,,,,,,,,,,
Dit ziet er echt raar uit  bawzarmy foryoupage fyp,26000,Run free,Deep Chills feat. IVIE,,bawzarmy,,foryoupage,,fyp,,,,,,
fyp covid2020 yolo,1242,Walk Challenge,Melvyn MAJONA,,fyp,,covid2020,,yolo,,,,,,
Vergeet niet op het plusje te klikken volg me ook op insta  en niet te vergeten blijf lachen  foryou fy foryoupage herkenbaar,2380,origineel geluid,Twan Uitdewilligen,,foryou,,fy,,foryoupage,,herkenbaar,,,,
Break some ankles in FIFA 21.  FIFA21 FIFASkills,116400,Freestyler,Bomfunk MC's,,fifa21,,fifaskills,,,,,,,,
Lopen fyp voorjou dutch,441,Superman,Goldfinger,,fyp,,voorjou,,dutch,,,,,,
Silent conventional tings foryoupage fyp foryou powerlifting bodybuilding deadlift fitness workout fittok powertok,4851,original sound,Tim Thebodeau,,foryoupage,,fyp,,foryou,,powerlifting,,bodybuilding,,deadlift
Loudest pops in WWE history Pt. 1 fyp foryoupage HBK shawnmichaels MickFoley StoneCold leagueofnations wwe wwf,4851,original sound,Jesus,,fyp,,foryoupage,,hbk,,shawnmichaels,,mickfoley,,stonecold
Flash Warning animeedit edit anime fyp recommendations rec tokyoghoul kaneki,8516,Stupid horse by 100gecs dogwives breakneck remix, ,,animeedit,,edit,,anime,,fyp,,recommendations,,rec
friends ka liya kuch b karna padta hai and Tak dekho acha song hai vairal 100k illu foryou foryoupage fyp,1833,original sound,wajid khan,,vairal,,100k,,illu,,foryou,,foryoupage,,fyp
Have you learnedkungfu chinesekungfu,305300,original sound,kungfu,,kungfu,,chinesekungfu,,,,,,,,
Wire twisting Tool drill attachment toolstour drillbit electrician toolsamazonfinds homedep,500800,original sound,Cleopatra ,,toolstour,,drillbit,,electrician,,tools,,amazonfinds,,homedep
Dubai here I come .,1829,origineel geluid,The voice of Holland,,,,,,,,,,,,
fy,4929,original sound,Daliaa Cedillo,,fy,,,,,,,,,,
Connected Equestrian girls Dancing into the weekend equestrian equestriangirls horse shelookssoperfectchallenge americanapperal reiner horse,4171,Nightcore Forever She looks so perfect Newk82,Kev,,equestrian,,equestriangirls,,horse,,shelookssoperfectchallenge,,americanapperal,,reiner
Nooit meer zorgen maken over het breken van mijn sokkenfyp fashionhacks,27700,Remi Wolf - Photo ID,jk007,,fyp,,fashionhacks,,,,,,,,
Having the best time here greece voorjou fyp fitdutchies,16600,"The Banjo Beat, Pt. 1",Ricky Desktop,,greece,,voorjou,,fyp,,fitdutchies,,,,
Altijd t zelfde gezeik fypage foryou fyp trucks tiktoktruckers 50tonarmy,4634,Legendary Strawberry Man,jeziahmcmaster,,fypage,,foryou,,fyp,,trucks,,tiktoktruckers,,50tonarmy
Rot op met je bananenbrood en whipped coffee,1425,I MADE THIS NOT CORY YALL ARE SLOW,Sprish,,,,,,,,,,,,
verkeersagressie verkeershufter verkeer cbr fy foryou foryoupage for foryourpage,4012,origineel geluid,Hippe uut Zutphen,,verkeersagressie,,verkeershufter,,verkeer,,cbr,,fy,,foryou
foryou fyp voorjou chicken eten koken cooking nl dutch fpodie food snacks haagschekeuken nederland onskerstmenu picassobaby vj,4597,Fun information PR CM light comedy,SOUND BANK,,foryou,,fyp,,voorjou,,chicken,,eten,,koken
It's always the most difficult workout ,1339,Thank you all for using my sound,Jake,,,,,,,,,,,,
magic comb,1869,original sound,Dhara,,,,,,,,,,,,
I will be in truble when she finds out  paprazzi fyp viral,2264,Chicken Wing Arab Zaffe by Saif Shawaf X Asaladabk,Saif,,paprazzi,,fyp,,viral,,,,,,
water loopt op de stroomtrending fyp foryoupage gevrlijk,6274,original sound,Frankie James,,trending,,fyp,,foryoupage,,gevrlijk,,,,
Beep boop tekenen voorjou netherlands dutch,7721,Printer printing sound,amuri,,tekenen,,voorjou, Hi Netherlands,netherlands,,dutch,,,,
clownerij,40400,Clownerij,Alice,,clownerij,,,,,,,,,,
ik wil nog niet weg... ah appiestrijders fyyp,4165,original sound,Tik Toker,,ah,,appiestrijders,,fyyp,,,,,,
BLUB ,3500000,We own the night,Pup Enenra,,,,,,,,,,,,
exvriend relatie relatieproblemen herkenbaar grappig voorjoupagina grappigevideos grappigefilmpjes relatietest exvriendjes exen humor fyp,2685,Mijn ego zit er werkelijk niet mee,Sara Ras,,exvriend,,relatie,,relatieproblemen,,herkenbaar,,grappig,,voorjoupagina
we surprised my mom with her dream car for her 50th birthday  surprise birthday mom fyp,9782,origineel geluid,NNOORXO,,surprise,,birthday,,mom,,fyp,,,,
foryou bf1 mickeymouse,1269,Sad,DnA,,foryou,,bf1,,mickeymouse,,,,,,
"Gamen met JP, gezellig man amongus diorsauvage gamen voorjou hertje",3824,origineel geluid,zopepijn,,amongus,,diorsauvage,,gamen,,voorjou,,hertje,,
The joy fy fyp f1 f1tiktok ferrari sebastianvettel joy foryoupage,17600,original sound,Tik Toker,,fy,,fyp,,f1,,f1tiktok,,ferrari,,sebastianvettel
"La caminata de los 80, hazlo viral. viral caminatadelos80 baile",1714,Brother Louie,Modern Talking,,viral,,caminatadelos80,,baile,,,,,,
women are not exempt from being controlling and toxic fyp foryou foryoupage RhymePOV FootlongShuffle GhostMode,19700,original sound,bundaddy,,fyp,,foryou,,foryoupage,These rhymes hit a little too close to home...,rhymepov,,,,
Boat boat foryouMujhe bhi famous hona haiforyoupage trending slowmo transition,801,The Boat Beat,Ricky Desktop,,foryoupage,,trending,,slowmo,,transition,,,,
De trend na doen toch  volleybal training laat temelig,1805,origineel geluid,enge brakkaboys,,volleybal,,training,,laat,,temelig,,,,
foryou voorjou,8860,origineel geluid,PrimeVideoNL,,foryou,,voorjou,,,,,,,,
Heeft ooit iemand jou hard gebroken...,1723,Justin Timberlake - Mirrors,Noah,,,,,,,,,,,,
Achter de schermen nee ging niet in 1 keer goed. fy fypage foryou voorjou behindthescene soccer voetbal ,1783,Blah Blah Blah,Armin van Buuren,,fy,,fypage,,foryou,,voorjou,,behindthescene,"We all know something about soccer, share your favourite tips, tricks, moments and soccer facts.

Make use of the Football playground sticker and share your facts.",soccer
Draft,10600,Fuck It Up,Ocho Drippin,,,,,,,,,,,,
Je zou maar 549 hebben lol onderlaag van de samenleving,5875,origineel geluid,Jesse Miltenburg,,,,,,,,,,,,
life is a beautiful story,3347,original sound,srilankan boy,,life,,is,,a,,beautiful,,story,,
cake dripcake vainilla chantilly happybirthday dulce chocolate destacame foryou parati tiktok bombom,13600,sonido original,Atenas Novoa,,cake,,dripcake,,vainilla,,chantilly,,happybirthday,,dulce
fyp dancechallenge playstation addisonrae charlidamelio billieeilish tatemcrae arianagrande dualipa dixiedamelio madisonbeer,114600,Playstation,Ali Berke,,fyp,,dancechallenge,,playstation,,addisonrae,,charlidamelio,,billieeilish
Storytime vjp voorjou fyp foryou dutch tiktoknl vriendin storytime viral xyzbca,22100,original sound,Grace Groski,,vjp,,voorjou,,fyp,,foryou,,dutch,,tiktoknl
No fyp foryou voorjou,3808,original sound,vintage,,fyp,,foryou,,voorjou,,,,,,
vlinders,8133,origineel geluid,julianvanspijkeren,,,,,,,,,,,,
Legend dat ie dat durft,340300,origineel geluid,gewoonjaron,,,,,,,,,,,,
Top oefeningen voor grotere schouders  shoulders shoulder motivation viral workout foryourpage foryou shoulderworkout tips,6940,Space Cadet slowed plus reverb,Zebra Builds,,shoulders,,shoulder,,motivation,,viral,,workout,,foryourpage
nederland vervelendd nederlandsetiktokkers funny fyp foryoupage voorjoupagina lgbt lesbian,16700,origineel geluid,user3911861469308,,nederland,,vervelendd,,nederlandsetiktokkers,,funny,,fyp,,foryoupage
look nou teamwatdenkenjij fyp fy voorjoupagina foryoupage oneliners selflove container,135700,origineel geluid,luuk watdenkenjij,,teamwatdenkenjij,,fyp,,fy,,voorjoupagina,,foryoupage,Let's see if you can bring on the laughs. Give us your best OneLiners ,oneliners
Grim the butt shaking horse waitforit horse barnanimals farmlife equestrian fyp foryoupage twerking funnyanimals,1466,"Save A Horse, Ride A Cowboy",The Hit Crew,"Wait till the end, to find out the surprise. ",waitforit,,horse,,barnanimals,"We're celebrating all things FarmLife, so whether you're tending cattle, corralling a few horses, or just hitting the hay, show us how you're living the FarmLife.",farmlife,,equestrian,,fyp
 animeedit animefan otaku waifu waifusenpaii kawai kawaiicult animecuteuwu lolis loli animeboy waifu2d maisan anime4life,10500,sonido original,makotto,,animeedit,,animefan,,otaku,,waifu,,waifusenpaii,,kawai
soundwavestattoo spotifytattoo tattoo amsterdam tiktok amsterdamtattoo spotify shocking tattooartist foryoupage coupletattoo,5483,origineel geluid,Mario Kana,,soundwavestattoo,,spotifytattoo,,tattoo,,amsterdam,,tiktok,,amsterdamtattoo
Some strong 12 year olds about these days catback deadlift gym workout fyp,1795,original sound,Ben Jones,,catback,,deadlift,,gym,,workout,,fyp,,
My life with multiple sclerosis ms fyp fy voorjoupagina somethingdramaticthatchangedmylifecheck dutch hospital positive goodvibes,4449,Rise Up,Andra Day,,ms,,fyp,,fy,,voorjoupagina,,somethingdramaticthatchangedmylifecheck,,dutch
Frindships catocade shuffle dance,23400,,Mj.,,catocade,,shuffle,,dance,,,,,,
fyp dutch nederland voorjou snapchat filter camera,4710,origineel geluid,Maradonnie,,fyp,,dutch,,nederland,,voorjou,,snapchat,,filter
Beatbox keeping me sane before my flight ,5200000,original sound,Spencer X,,,,,,,,,,,,
Nederlander nederlandsetiktokkers dutchtiktok hollands geertwilders rutte geertwilders zwartepietlivesmatter kaaskop voorjoupagina fyp fy,12700,Boer Harms,Danny Rousseau,,nederlandsetiktokkers,,dutchtiktok,,hollands,,geertwilders,,rutte,,geertwilders
foryou fyp voorjou wok eten koken cooking fyp haagschekeuken foodtiktok tiktokcooks chefsontiktok fireworks2020 pumpupthejam dutch,1657,"Fun, Exciting, Kids, Pets, Walks",SOUND BANK,,foryou,,fyp,,voorjou,,wok,,eten,,koken
FOOD. fyp food diet bodybuilding,6217,Intro,The xx,,fyp,,food,,diet,,bodybuilding,,,,
Ever seen a 6 foot 8 man try and shuffle  shuffle giraffe smoothcriminal,607600,original sound,ladbabyofficial,,shuffle,,giraffe,,smoothcriminal,,,,,,
ooooo transition transitions loop fyp foryou CancelTheNoise TheProm,9902,original sound,Allison,,transition,,transitions,,loop,,fyp,,foryou,,
kesfet turkish asianmakeup foryou viral voorjou funny komik like fyp virall,25200,original sound,user7832472351324,,kesfet,,turkish,,asianmakeup,,foryou,,viral,,voorjou
roadmarking work satisfying roadmarker signalisation white fyp,4075,Happy,Pharrell Williams,,roadmarking,,work,,satisfying,,roadmarker,,signalisation,,white
Old one  draft hairstyle hairlook hairtransformation blondtobrown,22400,original sound,mosaffari,,draft,,hairstyle,,hairlook,,hairtransformation,,blondtobrown,,
tiktoknl fyp fy foryou foryoupage toiletpaper voorjoupagina christmas rudolf fyppage,2883,Rudolf the Red Nose Raindeer,Stewart Peters,,tiktoknl,,fyp,,fy,,foryou,,foryoupage,,toiletpaper
Nou ging nie helemaal goed,7748,original sound,Lauren,,,,,,,,,,,,
I really need to get better at transitions..  fy fyp,41200,Hood Baby,Kbfr,,fy,,fyp,,,,,,,,
grwm transition foryou,6013,Therefore I Am,Billie Eilish,Hello morning routine ,grwm,,transition,,foryou,,,,,,
painting oilpainting artist artwork insta girl art brushchallenge drawing fyp creative trending support artists architecture girls,73300,Instagram DanielDavis.Art follow me,Daniel Davis,,painting,,oilpainting,,artist,,artwork,,insta,,girl
lijkt net echt gewoon foryoupage ikmisdit,25200,original sound,Dormun,,foryoupage,,ikmisdit,,,,,,,,
Gordon schrikt van het goedkope assortiment in de action  fy foryou foryoupage fyp vj voorjou gordon action,90600,origineel geluid,Jack.,,fy,,foryou,,foryoupage,,fyp,,vj,,voorjou
voorjou ajax ucl,2137,original sound,GIL CROES,,voorjou,,ajax,,ucl,,,,,,
Underchin gang fyp foryou viral trend joke xyzbca,13200,ian,ian,,fyp,,foryou,,viral,,trend,,joke,,xyzbca
"Colonel Sanders called, he wants his Prairie chicken back. indigenous dancer transition toronto foryou nativetiktoks fyp itstartsontiktok",71800,original sound,Tia Wood,,indigenous,,dancer,,transition,,toronto,,foryou,,nativetiktoks
i have a negative amount of words at this point. fyp biden trump democrat bi foryou maskup covid19 MakeItMagical greenscreenvideo,15000,original sound,colleen ,,fyp,,biden,,trump,,democrat,,bi,,foryou
weekend,2485,original sound,Anushka Devruwan,,,,,,,,,,,,
 foryou horse fyp,102300,original sound,Schmilt,,foryou,,horse,,fyp,,,,,,
animeanimeedit animeedits shonen animefight animefan animeshonen shingekinokyojin animerecommendations animebinge animerec animerecs,19900,Amazing fights,Z fighter,,anime,,animeedit,,animeedits,,shonen,,animefight,,animefan
I kept messing it up  fyp,360100,original sound,Aye yo,,fyp,,,,,,,,,,
i hate my voice fyp JoyWithPret billieeilish lesbian gaygirl lgbt foryoupage viral trend xyzbca,1222,Original Sound,Unknown,,fyp,,billieeilish,,lesbian,,gaygirl,,lgbt,,foryoupage
HBD to me  anime weeb otaku lovelive animeedit animeedits yoshiko yoshikotsushima lovelivesunshine fyp,3380,Just Dance,Lady Gaga,,anime,,weeb,,otaku,,lovelive,,animeedit,,animeedits
dilemma vlees okee laat het allemaal even weten ik weet t namenlijk nie meer fy dutch,678,origineel geluid,Joy Blijd,,dilemma,,vlees,,fy,,dutch,,,,
8 week cut fyp gymshark fyp fatloss progress motivation transformation diet natural pain body how viral OOTD Catchphrases abs,6063,Thank you all for using my sound,Jake,,fyp,,gymshark,,fyp,,fatloss,,progress,,motivation
ashmezz voorjou voorjoupagina nederlands nederlandsetiktokkers nederland tiktokholland dutch,62200,origineel geluid,Starbuckswaggie,,ashmezz,,voorjou,,voorjoupagina,,nederlands,,nederlandsetiktokkers,,nederland
Powder room make over.,116400,Take You Dancing,Jason Derulo,,,,,,,,,,,,
if you know you know fyp voorjou dutch,5047,How Bizarre,OMC,,fyp,,voorjou,,dutch,,,,,,
"Horses deserve to be treated with respect, not forced to carry tourists through the streets  vegan horse animalrights horsecarriage",498,XGamesMode,Synk,,vegan,,horse,,animalrights,,horsecarriage,,,,
super happy with the result but yea I slowed down so much... runner crosscountry track xc gorun fast,4286,you broke me first,Tate McRae,,runner,,crosscountry,,track,,xc,,gorun,,fast
It happens sometimes...fyp fy fyp areyoudumb,2322,DUMB DUMB,1xbrock,,fyp,,fy,,fyp,,areyoudumb,,,,
cartiktok bmw,21600,WITHOUT YOU,The Kid LAROI,,cartiktok,,bmw,,,,,,,,
Zuur-base reacties  fy fyp viral,8639,original sound,PovSounds,,fy,,fyp,,viral,,,,,,
Warning  and hypocrites inbound fyp gym lift workout pr viral motivation,5494,original sound,Reece Lowery ,,fyp,,gym,,lift,,workout,,pr,,viral
klein foryou fy fyp voorjou,689,Klik op de naam hieronder en lees de bio,Bo haat tiktok,,klein,,foryou,,fy,,fyp,,voorjou,,
Ruut doet mee aan de hype  foryou fyp voorjou voorjoupagina foryoupage,2497,origineel geluid,NPO 3,,foryou,,fyp,,voorjou,,voorjoupagina,,foryoupage,,
Daarom heb ik geen modelface.  fy fyp model modelface 50plusontiktok,49400,origineel geluid,Amyog3neofficial,,fyp,,model,Smile up. Eyebrows down. Smile Down. Now you're a model honey  Pose and reveal to us your ModelFace,modelface,,50plusontiktok,,,,
fyp fyp maximemeiland,11400,origineel geluid,Chateau Meiland Memes,,fyp,,fyp,,maximemeiland,,,,,,
Zo de basics zijn ingeslagen  grapje natuurlijk boodschappen appie weekend voorjou expectations reality,5887,origineel geluid,Kristina K,,boodschappen,,appie,,weekend,,voorjou,,expectations,,reality
This is a true story Ninja Punch City fyp foryoupage fyp militaryhumor marines navy army,7191,Watch out stepsis...,luca,,fyp,,foryoupage,,fyp,,militaryhumor,,marines,,navy
 fyp foryou foryoupage FootlongShuffle GhostMode,21300,original sound,bundaddy,,fyp,,foryou,,foryoupage,,,,,,
Nailed it ,26600,original sound,Nathan Freihofer,,,,,,,,,,,,
Wanneer klanten producten niet op dezelfde plek terugzetten.. deensupermarkten fy fyp,1396,who in the h3ll put the muffins in the freeza,magda turowska,,deensupermarkten,,fy,,fyp,,,,,,
Sorry neighbours fy fyp michaeljackson michael jackson foryou foryoupage vj voorjou vjp voorjoupagina music dance crazy,2973,suono originale,Andrea Borromeo,,fy,,fyp,,michaeljackson,,michael,,jackson,,foryou
Sorry hoor..  alexklein foryou foryoupage fyp,60300,Kan je nou eens stoppen met die Peep TikToks,TikTok  The Creator Mansion,,alexklein,,foryou,,foryoupage,,fyp,,,,
tag een luilak  fyp fy lui lieverluidanmoe,8013,origineel geluid,Hom Tilfiger,,fyp,,fy,,lui,,lieverluidanmoe,,,,
Dat laatste pakt me ,1112,origineel geluid,Sportpoeder,,,,,,,,,,,,
Thai Airways A380 plays Jingle Bells.  We wish you a wonderful christmas time. jinglebells a380 thaiairways  miniaturwunderland christmasmusic,759200,Originalton,Miniatur Wunderland,,jinglebells,,a380,,thaiairways,,miniaturwunderland,,christmasmusic,,
"This is everywhere and idk who started it so idk what creds to give, but this, this makes me happy WellDone fyp",1993,Follow Kologuy,Kologuy,"Wow, well done.",welldone,,fyp,,,,,,,,
parati foryou dakaretaiotoko videoedit yaoiedit bl animeedit fujoshi fudanshi,63600,sonido original,Sicrosub,,parati,,foryou,,dakaretaiotoko,,videoedit,,yaoiedit,,bl
 foryoupage fyp foryou powerlifting bodybuilding deadlift fitness workout fittok powertok,9129,original sound,Tim Thebodeau,,foryoupage,,fyp,,foryou,,powerlifting,,bodybuilding,,deadlift
theres no where near enough appreciation for this man Haikyuu ennoshita animes animee animeedit cool fyp foryou 4u animeboy haikyuuedit,34100,Akatsuki theme,Akatsuki,,haikyuu,,ennoshita,,animes,,animee,,animeedit,,cool
hirugashisadanimeanimeeditanimesviraltendenciafypparatiprotecloveamorotaku,39200,sonido original,nagiasu,,hirugashi,,sad,,anime,,animeedit,,animes,,viral
siguiendofollowviralfypparatianimeotakufypanimeeditloli kawaii,26700,sonido original,Juan Gomez,,siguiendo,,follow,,viral,,fyp,,parati,,anime
paint easydraw childrendrawing,8348,ANYMORE,John Wolf,,paint,,easydraw,,childrendrawing,,,,,,
scaniav8  theklokoprock mikeymike nieuwerondenieuwekansen  Oldskool,12200,Pilfingerdansen - Remix,Sigurd Barrett,,scaniav8,,theklokoprock,,mikeymike,,nieuwerondenieuwekansen,,oldskool,,
oops... fyp foryou,7045,NIGEL SEAN FRIEDEPIEPOL,Nigel Sean,,fyp,,foryou,,,,,,,,
Wat een top nummer  francisxvk foryou geefjeover geefjehelemaal pink,2384,Laat je gaan,Gio Swikker,,francisxvk,,foryou,,geefjeover,,geefjehelemaal,,pink,,
fyp voorjou rechtenstudent student voorjoupagina,1535,Mariners Apartment Complex,Lana Del Rey,,fyp,,voorjou,,rechtenstudent,,student,,voorjoupagina,,
train cabride,937,Words - Original 1982,F.R. David,,train,,cabride,,,,,,,,
parati anime videoedit foryou fyp japon animeedit haikyuu  haikyuuedits  paratodos animation,58000,sonido original,Sicrosub,,parati,,anime,,videoedit,,foryou,,fyp,,japon
I can see your ,136200,original sound,Kellan and Kevin,,,,,,,,,,,,
Waarheid... fy foryou voorjou funny netherlands viraal,29500,origineel geluid,Emin.Skenderovic,,fy,,foryou,,voorjou,,funny, Hi Netherlands,netherlands,,viraal
Lil Kleine lacht Nederland uit vanwege lockdown fy foryou foryoupage fyp vj voorjou,2190,origineel geluid,Jack.,,fy,,foryou,,foryoupage,,fyp,,vj,,voorjou
How fast can you get your stirrup  equestrian horsegirl horseriding horse dressage equine stallion,57000,original sound,Erin Williams,,equestrian,,horsegirl,,horseriding,,horse,,dressage,,equine
whoops it was too fizzy ,13100,suono originale,Andrea Parascandolo,,,,,,,,,,,,
Shoulder tip fitnesstips trainingtips strong shoulders,4124,original sound,Matt Hampton,"Whether you've mastered a perfect protein shake, or exercise while you sleep, show us your FitnessTips.",fitnesstips,,trainingtips,,strong,,shoulders,,,,
greenscreensticker okboomer,22000,original sound,Alex Mac,"Use our new edition of Green Screen, it's called  GreenScreenSticker. Try it to create more engaging TikToks",greenscreensticker,"ok, boomer",okboomer,,,,,,,,
Fijn om het cijfer van een complete stranger te weten xyzbca foryou nederland,12100,WAT MOET IK DAARMEE,Kikkerjongen ,,xyzbca,,foryou,,nederland,,,,,,
zin innnndienstplicht 2003 fyp funny meiden,18900,origineel geluid,mememeiland,,dienstplicht,,2003,,fyp,,funny,,meiden,,
Feeling my body get weaker strength cancer hodgkinslymphoma chemotherapy gym,15700,hometown slowed down twenty one pilots,les,,strength,,cancer,,hodgkinslymphoma,,chemotherapy,,gym,,
"Het is Dennis vergeven, maar ik zal dit nooit vergeten ",4194,original sound,fortunanius,,,,,,,,,,,,
Stuur dit naar al je vriendjes die minder moeten snappen voor ze 1 miljoen hebben fyp hertje fa2gang zopepijn kaaskomkommer,8161,origineel geluid,zopepijn,,fyp,,hertje,,fa2gang,,zopepijn,,kaaskomkommer,,
Danny Ric and divebombs fy fyp f1 f1tiktok foryoupage danielricciardo overtake divebomb,9136,North Memphis,Pharmacist,,fy,,fyp,,f1,,f1tiktok,,foryoupage,,danielricciardo
drift fyp,21800,original sound,Ballislife,,drift,,fyp,,,,,,,,
DRZ400SM Drz fyp followyou fyp,2914,Original Sound,Unknown,,drz,,fyp,,followyou,,fyp,,,,
fyp recomendados enparati fyp recommendations fyp recomendados enparati fyp recommendations fyp recomendados enparati fyp,9030,Ama mi audio es viral,,,fyp,,recomendados,,enparati,,fyp,,recommendations,,fyp
VS Code Red  vscodered horse amazing hi,8302,original sound,Carl Hedin,,vscodered,,horse,,amazing,,hi,,,,
fyp lift gymprogress gym,580,For The Night,Pop Smoke,,fyp,,lift,,gymprogress,,gym,,,,
anime animeedit opening rentagirlfriend yourlieinapril shingekinokyojin naruto evangelion SAO,79900,sonido original,sant,,anime,,animeedit,,opening,,rentagirlfriend,,yourlieinapril,,shingekinokyojin
Learning to say goodbye in Dutch ,229800,The Avatar's Love,Johnnie Bailey,,dutch,,,,,,,,,,
fypforyou,161200,Astronomia,Chiky Dee Jay,,fyp,,foryou,,,,,,,,
soldier movdbuurt foryou fyp fy hoor je dat a mattie,30000,origineel geluid,Nocapp,,soldier,,movdbuurt,,foryou,,fyp,,fy,,
foryou foryoupage fyp fy viral tiktok,39000,Bad Day,Dayton,,foryou,,foryoupage,,fyp,,fy,,viral,,tiktok
Peter Parker heeft een nieuw gezicht gekregen in de remaster van Spider-Man voor PS5 spiderman ps5,3412,origineel geluid,PowerUnlimited,,spiderman,,ps5,,,,,,,,
 foryoupage fyp bekeerling noticeme xzybca foryou foryoupage foryoupage fyp foryoupage fyp foryoupage noticeme fyp fyp,4262,Originalton,Nick ,,foryoupage,,fyp,,bekeerling,,noticeme,,xzybca,,foryou
horse showforyoupage horse show grasslands competition fyp movement,127000,original sound,horsetrainer3,,foryoupage,,horse,,show,,grasslands,,competition,,fyp
Watch out tik tok. The leg day enforcement has arrived. legday enforcer gym law dontletthisflop injured,2031,original sound,SimJim6627,Every day is leg day. ,legday,,enforcer,,gym,,law,,dontletthisflop,,injured
gymlife,13500,Therefore I Am,Billie Eilish,,gymlife,,,,,,,,,,
fyp anime animeedit animegirl opais otaku weeb,5715,sonido original,Prueba1,,fyp,,anime,,animeedit,,animegirl,,opais,,otaku
destacame animeedit viral fyp hanakokun bakugo bokunohero manga anime husbando naruto nanatzunotaizay,48700,original sound,js3dits,,destacame,,animeedit,,viral,,fyp,,hanakokun,,bakugo
fy fyp foryoupage,11900,origineel geluid,Denhaag766,,fy,,fyp,,foryoupage,,,,,,
foryou cheese cheddar fy,83700,origineel geluid,Jacob Omezy,,foryou,,cheese,,cheddar,,fy,,,,
How to draw hand artchallenge drawing,5000000,Shape Of You,Mir,,artchallenge,,drawing,,,,,,,,
Thank me later fyp foryou voorjou dutch,50900,original sound,edatvd,,fyp,,foryou,,voorjou,,dutch,,,,
Standaard grappen appie albertheijn zelfscan supermarkt supermarkthumor,7407,origineel geluid,Bibi Brijde,,appie,,albertheijn,,zelfscan,,supermarkt,,supermarkthumor,,
Based on a true story .                                  fy fyp foryoupage foryou,2266,original sound,trunks black ,,fy,,fyp,,foryoupage,,foryou,,,,
"Stiekem met je DS onder je kussen, dat waren nog is tijden fyp fa2gang kaaskomkommer diorsauvage jp hertje",35600,origineel geluid,zopepijn,,fyp,,fa2gang,,kaaskomkommer,,diorsauvage,,jp,,hertje
leave some future suggestions yall anime animeedit fyp GrowUpWithMe,8831,original sound,Mr. Plantain,,anime,,animeedit,,fyp,Here's to growing up together.,growupwithme,,,,
laat je gaaaannnn voorjou foryou gioswikkers alsjehandoverjekontglijd laatjegaan cringe,116200,Laat je gaan,Gio Swikker,,voorjou,,foryou,,gioswikkers,,alsjehandoverjekontglijd,,laatjegaan,,cringe
Hello imposter syndrome  phdlife gradschool phd research,12600,original sound,Krutika ,,phdlife,,gradschool,,phd,,research,,,,
Deze video is voor een kleine groep mensen bedoeld zopepijn fyp fa2gang haat feiten,4221,origineel geluid,zopepijn,,zopepijn,,fyp,,fa2gang,,haat,,feiten,,
How to work up to pistol squats squats pistolsquat deadlift gym fitgirls,13400,original sound,Jack Collings,,squats,,pistolsquat,,deadlift,,gym,,fitgirls,,
cause my ass seems to be the only thing getting views dailydicerollwalk funny transition transitions fyp foryou foru,7207,original sound,tobias,,dailydicerollwalk,,funny,,transition,,transitions,,fyp,,foryou
foryou ma Aon tw comments ma lazmi btanacrew07 vrlvideo fym 100k foryou foryoupage,149,original sound,aiman zaman,,crew07,,vrlvideo,,fym,,100k,,foryou,,foryoupage
Give it a try  crossfit cardio training crossfitworkout,1086,original sound,favsoundds ,,crossfit,,cardio,,training,,crossfitworkout,,,,
Can't wait to compete this weekend  horse riding equestrian fyp ToMyBestFriend petthings competition rider crosscountry,9254,original sound,Monique Poa,,horse,,riding,,equestrian,,fyp,Send a message to your best friend.,tomybestfriend,"Whether your pet loves costumes, or needs a time out, show us all the PetThings.",petthings
La cara de mi novio es lo mejor  escaramuza charro charreria mx tiktok page lifestyle horse challenge,6682,sonido original,Jonathan Vazquez,,escaramuza,,charro,,charreria,,mx,,tiktok,,page
"It hurts the ego, but I do respect it when it happens. strength impressive relatable workout",3576,lord have mercy,angel,,strength,,impressive,,relatable,,workout,,,,
"please give me more advice.if you like my work,please Pay attention to me",208,original sound,user25197000569,,,,,,,,,,,,
Heartache bleaching pain hairdye backtoblack foryou fy voorjou,1620,Say I Yi Yi,Ying Yang Twins,,bleaching,,pain,,hairdye,,backtoblack,,foryou,,fy
 fy foryou voorjou dance viral 4u,5479,BanTamGo Remix,Jenny,,fy,,foryou,,voorjou,,dance,,viral,,4u
Deze is voor de mensen die geen rijst kunnen koken  fyp fy koken voorjou vj,31100,origineel geluid,Fabricio ,,fyp,,fy,,koken,,voorjou,,vj,,
f1 f1crash f1mercedes mercedes f1race win lose ftb fortheboys rage pit pitstop box boxing fy fyp painful,3386,FRANCHISE,Travis Scott,,f1,,f1crash,,f1mercedes,,mercedes,,f1race,,win
I'm doing some form of this before my every heavy set  squat squatmobility,581,Satisfaction,Benny Benassi Pres. The Biz,,squat,,squatmobility,,,,,,,,
She can have all the horses she wants horse horses animals equestrian girlfriend fyp foryou horsegirl,23900,no no no no no no no no,fypsounds,,horse,,horses,,animals,,equestrian,,girlfriend,,fyp
The horses strike again. horse waterbowl water horses stables stable horseriding horselover working animals farm farmer yard clumsy,837,original sound,Sammy Sprinkler ,,horse,,waterbowl,,water,,horses,,stables,,stable
    akamegakill akamegakilledit esdeath esdeathedit anime animeedit weeb otaku fyp foryou fy,11700,som original, ,,akamegakill,,akamegakilledit,,esdeath,,esdeathedit,,anime,,animeedit
 francisxvk nederlands foryou mickeymouse disney,3919,FOLLOW ME,A,,francisxvk,,nederlands,,foryou,,mickeymouse,,disney,,
Tja verschil moet er zijn boyfriend relationship studentproblems study fyp xyzbca viral noticeme schoollife foryou voorjou foryoupage fy,3860,origineel geluid,Isa,,boyfriend,,relationship,,studentproblems,,study,,fyp,,xyzbca
Still working on that,2157,Trend by at. reno.lugo,dj.awe02,,,,,,,,,,,,
giojade voorjou,30600,origineel geluid,WORDIKFAMOUS,,giojade,,voorjou,,,,,,,,
defender110  landrover,1125,original sound,dammika,,defender110,,landrover,,,,,,,,
23 years ago today.... wwe wwf wrestling prowrestling aew kane undertaker therock shawnmichaels romanreigns sethrollins brocklesnar,640,original sound,Jamil Adil,,wwe,,wwf,,wrestling,,prowrestling,,aew,,kane
wow just wow  naruto narutoedits kakashi easteregg anime obito animeedit foryou fyp,309900,This Wisp Sings by Winter Aid but slowed down,lastmanstanley,,naruto,,narutoedits,,kakashi,"Hidden characters, invisible features and secret tasks This is an EasterEgg hunt we can get behind ",easteregg,,anime,,obito
Inspired by my tik tok neighbor foryoushefamoustiktokstarforupage,513,original sound,Shinead Pond,,foryou,,shefamous,,tiktokstar,,forupage,,,,
Not exactly how I was planning it to be  2020evolution corona lockdown,11000,original sound,Erica Smoot,"It started all good, but in the end...",2020evolution,,corona,,lockdown,,,,,,
wanneer we weer uit mogen gaan fy,4386,Laat je gaan,Gio Swikker,,fy,,,,,,,,,,
Uuuuhhhh.... foryou fy,1089,adammcg sound,,,foryou,,fy,,,,,,,,
fy fyp,67300,I just did a bad thing bill wurtz,Cam,,fy,,fyp,,,,,,,,
Zo kan het ook jongens coronaproof balkonfeest enschede,32500,origineel geluid,Demi Reuvers,,coronaproof,,balkonfeest,,enschede,,,,,,
Leven is positief net als mijn coronatest corona fyp foryou.,1246,origineel geluid,Isabella,,corona,,fyp,,foryou,,,,,,
Swimmers where you at,56800,original sound,Nathan Freihofer,,,,,,,,,,,,
Awkwardn,9387,I TRIED TO SHOW MY WEIGHT LOSS,Hannah Jean,,,,,,,,,,,,
DEADLIFT IS COMING BACK  foryoupage fyp foryou powerlifting bodybuilding deadlift fitness workout fittok powertok,4947,original sound,Tim Thebodeau,,foryoupage,,fyp,,foryou,,powerlifting,,bodybuilding,,deadlift
das pas echte equality,7993,Pilfingerdansen - Remix,Sigurd Barrett,,,,,,,,,,,,
Well here ya go folkesbeforeandafter dbz dbs db mui gokugaming vegetoblue animeedit kamehameha anime t yt dragonballlegendssummons,4736,original sound,I FOLLOW BAK,"Whether you're cooking, drawing, building or even glowing up, show us your BeforeAndAfter.",beforeandafter,,dbz,,dbs,,db,,mui,,goku
duet  justcurious single over30 dating men WhenWeWereYounger NeedToKnow,5207,The Office,The Hyphenate,Use our Duet feature because two is always better than one.,duet,,justcurious,,single,,over30,,dating,,men
How To Look More Muscular In Your T-Shirt tshirt mensstyle,47300,original sound,aaronmarino,,tshirt,,mensstyle,,,,,,,,
going wrong jpkautomotive mrtiktok funn fyp fyppppp foryourpage for your page 2020 noticeme sponsorme,971,origineel geluid,JPK Automotive,,going,,wrong,,jpkautomotive,,mrtiktok,,funn,,fyp
fyp foryou dancing tiktokteacher learn,82200,original sound,x hx,,fyp,,foryou,,dancing,,tiktokteacher,,learn,,
5 things about living in The Netherlands  ,3603,Emotieloos,Famke Louise,,,,,,,,,,,,
farhadpaz,9490,original sound,Farhadpaz,,farhadpaz,,,,,,,,,,
Based on a true story. hijab muslimtiktok inclusion,3080,original sound,best clips,,hijab,,muslimtiktok,,inclusion,,,,,,
 WellDone 2prettybestfriends csmajorsoftiktok stem techtok,1846,original sound,wawiwus,"Wow, well done.",welldone,,2prettybestfriends,,csmajorsoftiktok,,stem,,techtok,,
kut wind wind regen werk selfloveclub foryoupage luukwatdenkenjij voorjoupagina fyp fy,2932,origineel geluid,luuk watdenkenjij,,wind,,regen,,werk,Join the selfloveclub ,selfloveclub,,foryoupage,,luukwatdenkenjij
satisying horse brush shed,150700,original sound,Erena Barnes,,satisying,,horse,,brush,,shed,,,,
Deze tips helpen echt dutch voorjou fyp,3542,origineel geluid,Endri Sulaj,,dutch,,voorjou,,fyp,,,,,,
 coastguard navy marines airforce army military womeninuniform womeninthemilitary spaceforce,9403,original sound,Ashley Kb,,coastguard,,navy,,marines,,airforce,,army,,military
Thank you for your concern fyp foryou foryoupage cooking chef diet nutrition gymshark DayInMyLife workout bodybuilder,1100,original sound,Evan Holmes,,fyp,,foryou,,foryoupage,,cooking,,chef,,diet
Ik snap deze Nederland echt nietlockdownvibe foryoupage xyzbca fy ahajla foryou cabaret duetmetnajib,2098,original sound,Evelyn Wilson,,lockdownvibe,,foryoupage,,xyzbca,,fy,,ahajla,,foryou
magikbijjouslapenlovenederlandfypforyoupageforyoutiktokviralvoorjoulikejust4funfollowfollowbackvjfydutchfyp,218,origineel geluid,irisenthoven,,magikbijjouslapen,,love,,nederland,,fyp,,foryoupage,,foryou
foryou foryoupage,13300,original sound,Charlotte Booth,,foryou,,foryoupage,,,,,,,,
Stop eating  gttfg gotothegym swolefam nutrition diet workout gymtime pumpkinspice,12200,original sound,Papa Swolio,,gttfg,,gotothegym,,swolefam,N is for Nutrition,nutrition,,diet,,workout
fy foryoupage foryou,26600,origineel geluid,Tess Scholten,,fy,,foryoupage,,foryou,,,,,,
regretss  fyp foryou curls,10000,Imagine having long beautiful hair,Dianaluvss,,fyp,,foryou,,curls,,,,,,
I broke 4 netherite pickaxes ‚Ä¶ minecraft dreamnotfound mcyt,2200000,Steven Universe,L.Dre,"Whether you are playing to create or playing to survive, you can celebrate all things #Minecraft on TikTok",,,,,,minecraft,dreamnotfound,mcyt,,,
Like for part 4! // minecraft mc java minecraftjava minecraftseeds minecraftbuilding minecrafttutorial minecraftmemes minecraftbedrock mcyt,11100000,Comfort Chain,Instupendo,"Whether you are playing to create or playing to survive, you can celebrate all things #Minecraft on TikTok",,,,,,minecraft,mc,java,minecraftjava,minecraftseeds,minecraftbuilding
minecraft moment fyp foryou foryoupage minecraft mcyt minecraftclutch minecraftscary herobrine ,7900000,Love You So,The King Khan & BBQ Show,,,,"Whether you are playing to create or playing to survive, you can celebrate all things #Minecraft on TikTok",,,fyp,foryou,foryoupage,minecraft,mcyt,minecraftclutch
Could you do better???  minecraftmemes minecrafthacks minecraft,5100000,Chug Jug With You,Rok Nardin,,,"Whether you are playing to create or playing to survive, you can celebrate all things #Minecraft on TikTok",,,,minecraftmemes,minecrafthacks,minecraft,,,
‚Äç fyp foryou pourtoi axolotl viral animalsoftiktok petoftiktok cute funnyvideo minecraft doodle xyzbca,4900000,Dinero,Trinidad Cardona,,,,,¬°descubre las canciones en tendencia! üî•‚û°Ô∏è https://bit.ly/TendenciasTikTok_LATAM,Here's to all the extraordinary animals of TikTok! Share your love and appreciation for your pets as well as interesting facts about animals in celebration of World Animal Day!,fyp,foryou,pourtoi,axolotl,viral,animalsoftiktok
comment for a cookie  minecraft mc comment fyp,4700000,INDUSTRY BABY,Lil Nas X & Jack Harlow,"Whether you are playing to create or playing to survive, you can celebrate all things #Minecraft on TikTok",,,,,,minecraft,mc„Ç∑,comment,fyp,,
Priest is going to mine some diamonds fyp foryou panigyri 15avgoustos minecraft ,4700000,Minecraft,C418,,,,,"Whether you are playing to create or playing to survive, you can celebrate all things #Minecraft on TikTok",,fyp,foryou,panigyri,15avgoustos,minecraft,
Baking time minecraft cake ,4700000,Minecraft,C418,"Whether you are playing to create or playing to survive, you can celebrate all things #Minecraft on TikTok",Tempting cakes and easy bakes,,,,,minecraft,cake,,,,
Reply to @ghost_recon_1 Who‚Äôs Next - Part 41 minecraft fyp grind viral challange live video twitch JustBradThings profilepics bedwars,4500000,Bezos I,Bo Burnham,"Whether you are playing to create or playing to survive, you can celebrate all things #Minecraft on TikTok",,,¬°descubre las canciones en tendencia! üî•‚û°Ô∏è https://bit.ly/TendenciasTikTok_LATAM,,,minecraft,fyp,grind,viral,challange,live
Wait till the end for a surprise minecraft fyp redstone minecrafttips mc minecrafttutorial,4400000,Ashes,Stellar,"Whether you are playing to create or playing to survive, you can celebrate all things #Minecraft on TikTok",,,,,,minecraft,fyp,redstone,minecrafttips,mc,minecrafttutorial
Most sane minecraft player  foryou foryoupage fyp minecraft meme issajoke ,4300000,Love You So,The King Khan & BBQ Show,,,,"Whether you are playing to create or playing to survive, you can celebrate all things #Minecraft on TikTok",,,foryou,foryoupage,fyp,minecraft,meme,issajoke
Duo House minecraft minecraftbuilding minecrafttutorial minecrafttiktok minecraftbuilds ,4300000,Aesthetic,Tollan Kim,"Whether you are playing to create or playing to survive, you can celebrate all things #Minecraft on TikTok",,,,,,minecraft,minecraftbuilding,minecrafttutorial,minecrafttiktok,minecraftbuilds,
What games/ actions should I do next?? cod modernwarfare apexlegends minecraft gta rainbow6 fyp foryou warzone gamingskit gaming,4300000,Mr. Blue Sky,Electric Light Orchestra,,,,"Whether you are playing to create or playing to survive, you can celebrate all things #Minecraft on TikTok",,,cod,modernwarfare,apexlegends,minecraft,gta,rainbow6
Abonnez-vous pour voir plus de vid√©os construction minecraft fyp fyp timelapse minecraftbuilding minecraftbuilding minecraftedit foryou,4300000,Bella ciao - HUGEL Remix Extended,El Profesor,"Whether you are playing to create or playing to survive, you can celebrate all things #Minecraft on TikTok",,,,,,minecraft,fyp,fyp„Ç∑,timelapse,minecraftbuilding,minecraftbuilding
comment what‚Äôs next  facemask minecraft miningtiktok,4200000,Minecraft,C418,,"Whether you are playing to create or playing to survive, you can celebrate all things #Minecraft on TikTok",,,,,facemask,minecraft,miningtiktok,,,
Ice House minecraft fyp fy foryoupage minecraftbuilding tutorial viral,4200000,Sky Aesthetic,Tollan Kim,"Whether you are playing to create or playing to survive, you can celebrate all things #Minecraft on TikTok",,,,,¬°Descubre con un #Tutorial eso que no sab√≠as c√≥mo hacer! Pon manos a la obra y participa en el challenge mostrando tus resultados. üí°,minecraft,fyp,fy,foryoupage,minecraftbuilding,tutorial
"–ú—ã –≤–µ—Ä–Ω—É–ª–∏—Å—å, —á—Ç–æ–±—ã —Å–ø–∞—Å—Ç–∏ –µ–≥–æ..  –º–∞–π–Ω–∫—Ä–∞—Ñ—Ç minecraft –º–∞–π–Ω–∫—Ä–∞—Ñ—Ç–ø—Ä–∏–∫–æ–ª—ã –¢–∏–∫–¢–æ–∫–ò–≥—Ä–∞–µ—Ç",3900000,Nemesis,RYLLZ,,"Whether you are playing to create or playing to survive, you can celebrate all things #Minecraft on TikTok",,"–õ—é–±–∏—à—å –∏–≥—Ä—ã? üïπ  –¢–æ–≥–¥–∞ —Ç—ã –ø–æ–ø–∞–ª –≤ –ø—Ä–∞–≤–∏–ª—å–Ω–æ–µ –º–µ—Å—Ç–æ! –í—ã–∫–ª–∞–¥—ã–≤–∞–π —Å–≤–æ–∏ –∏–≥—Ä–æ–≤—ã–µ –≤–∏–¥–µ–æ –ø–æ–¥ —Ö—ç—à—Ç–µ–≥–æ–º #—Ç–∏–∫—Ç–æ–∫–∏–≥—Ä–∞–µ—Ç, —Å–º–æ—Ç—Ä–∏ –∫–æ–Ω—Ç–µ–Ω—Ç –æ—Ç –ª—É—á—à–∏—Ö –≥–µ–π–º–µ—Ä–æ–≤ –¢–∏–∫–¢–æ–∫–∞ –∏ —Å–ª–µ–¥–∏ –∑–∞ –Ω–æ–≤—ã–º–∏ —Ä–æ–ª–∏–∫–∞–º–∏, —á—Ç–æ–±—ã –Ω–∏—á–µ–≥–æ –Ω–µ –ø—Ä–æ–ø—É—Å—Ç–∏—Ç—å",,,–º–∞–π–Ω–∫—Ä–∞—Ñ—Ç,minecraft,–º–∞–π–Ω–∫—Ä–∞—Ñ—Ç–ø—Ä–∏–∫–æ–ª—ã,—Ç–∏–∫—Ç–æ–∫–∏–≥—Ä–∞–µ—Ç,,
Can you turn this ocean into glass? minecraft mcyt dreamsmp dream tommyinnit minecraftchallenge,3900000,Monkeys Spinning Monkeys,Kevin MacLeod & Kevin The Monkey,"Whether you are playing to create or playing to survive, you can celebrate all things #Minecraft on TikTok",,,,,,minecraft,mcyt,dreamsmp,dream,tommyinnit,minecraftchallenge
LMAO!  fyp deathrun hive minecraft,3900000,Love You So,The King Khan & BBQ Show,,,,"Whether you are playing to create or playing to survive, you can celebrate all things #Minecraft on TikTok",,,fyp,deathrun,hive,minecraft,,
